tipo,operacion,comprobante,monto_banco,monto_registro
diferencia_monto,04996960,CB-0043,1724.8,7124.8
diferencia_monto,72582637,CB-0071,1197.68,2197.68
diferencia_monto,75749525,CB-0067,1979.07,9179.07
duplicado,13203533,CB-0116,,11045.51
duplicado,29510600,CB-0114,,15961.31
solo_banco,02447520,,9.37,
solo_banco,03567957,,5.47,
solo_banco,09546277,,8.39,
solo_banco,16062469,,25.0,
solo_banco,22572086,,7.41,
solo_banco,44951322,,1.1,
solo_banco,62903586,,5.07,
solo_banco,63187140,,0.44,
solo_banco,98306272,,1.45,
solo_registro,,CB-0108,,809.63
solo_registro,,CB-0117,,4355.66
solo_registro,,CB-0118,,3788.92
solo_registro,,CB-0119,,4912.8
solo_registro,,CB-0120,,4474.36
