Estado de cuenta corriente;;;;;
Cuenta;000-1234567-0-01;;;;
Moneda;Soles;;;;
Periodo;01/09/2026 al 30/09/2026;;;;
Saldo inicial;120,000.00;;;;
;;;;;
Fecha;Descripción;N° Operación;Cargo;Abono;Saldo
01/09/2026;TRANSF. A SUMINISTROS INDUSTRIALES LIMA EIRL;12830213;4,022.30;;115,977.70
01/09/2026;TRANSF. DE TEXTILES CARABAYLLO SAC;41596580;;3,207.05;119,184.75
01/09/2026;TRANSF. DE SERVICIOS GENERALES ANCÓN EIRL;47571095;;20,371.79;139,556.54
01/09/2026;TRANSF. A SEGURIDAD VIGILANCIA TOTAL SAC;71593823;5,545.50;;134,011.04
01/09/2026;DEPÓSITO EN EFECTIVO;84269694;;24,456.50;158,467.54
02/09/2026;TRANSF. A SUMINISTROS INDUSTRIALES LIMA EIRL;37630246;19,769.35;;138,698.19
02/09/2026;TRANSF. A TRANSPORTES RÍMAC SAC;46575946;16,209.87;;122,488.32
02/09/2026;TRANSF. DE INVERSIONES HUARAL SAC;52784615;;9,607.46;132,095.78
02/09/2026;TRANSF. DE COMERCIAL SANTA ROSA SAC;87004064;;13,687.45;145,783.23
02/09/2026;TRANSF. DE INVERSIONES HUARAL SAC;96862011;;24,928.84;170,712.07
03/09/2026;COMISIÓN TRANSF. INTERBANCARIA;03567957;5.47;;170,706.60
03/09/2026;DEPÓSITO EN EFECTIVO;47504406;;17,912.94;188,619.54
03/09/2026;TRANSF. A TECNOLOGÍA Y REDES CALLAO EIRL;49391658;7,670.82;;180,948.72
03/09/2026;TRANSF. DE IMPORTACIONES PACÍFICO SAC;53522449;;22,290.57;203,239.29
03/09/2026;TRANSF. A SUMINISTROS INDUSTRIALES LIMA EIRL;56752645;16,635.47;;186,603.82
03/09/2026;TRANSF. DE SERVICIOS GENERALES ANCÓN EIRL;60950101;;16,195.13;202,798.95
03/09/2026;TRANSF. DE AGROINDUSTRIAS DEL NORTE SAC;66412650;;19,482.34;222,281.29
03/09/2026;TRANSF. A TECNOLOGÍA Y REDES CALLAO EIRL;68401935;24,365.17;;197,916.12
03/09/2026;TRANSF. A PAPELERA LOS ANDES SAC;74819744;13,520.91;;184,395.21
04/09/2026;TRANSF. A PAPELERA LOS ANDES SAC;19326305;14,057.22;;170,337.99
04/09/2026;TRANSF. A MANTENIMIENTO INTEGRAL PERÚ SAC;35958274;7,442.71;;162,895.28
04/09/2026;TRANSF. A MANTENIMIENTO INTEGRAL PERÚ SAC;96275386;15,614.40;;147,280.88
05/09/2026;TRANSF. A TRANSPORTES RÍMAC SAC;13617158;19,571.28;;127,709.60
05/09/2026;TRANSF. A PAPELERA LOS ANDES SAC;53562849;17,725.65;;109,983.95
05/09/2026;TRANSF. A TRANSPORTES RÍMAC SAC;57887514;6,800.58;;103,183.37
05/09/2026;TRANSF. A SEGURIDAD VIGILANCIA TOTAL SAC;97810107;3,727.85;;99,455.52
07/09/2026;TRANSF. A TRANSPORTES RÍMAC SAC;33264201;3,152.35;;96,303.17
07/09/2026;TRANSF. DE IMPORTACIONES PACÍFICO SAC;50294942;;9,073.86;105,377.03
07/09/2026;TRANSF. A SUMINISTROS INDUSTRIALES LIMA EIRL;57431352;907.97;;104,469.06
07/09/2026;TRANSF. DE INVERSIONES HUARAL SAC;57577805;;12,774.65;117,243.71
07/09/2026;TRANSF. DE TEXTILES CARABAYLLO SAC;62143747;;5,621.24;122,864.95
08/09/2026;TRANSF. DE IMPORTACIONES PACÍFICO SAC;16376341;;15,722.76;138,587.71
08/09/2026;DEPÓSITO EN EFECTIVO;56503709;;16,615.44;155,203.15
09/09/2026;TRANSF. DE AGROINDUSTRIAS DEL NORTE SAC;08439487;;494.68;155,697.83
09/09/2026;TRANSF. A SEGURIDAD VIGILANCIA TOTAL SAC;17528726;8,450.24;;147,247.59
09/09/2026;COMISIÓN TRANSF. INTERBANCARIA;22572086;7.41;;147,240.18
09/09/2026;TRANSF. DE FERRETERÍA SAN MARTÍN EIRL;56309126;;1,255.30;148,495.48
09/09/2026;TRANSF. DE DISTRIBUIDORA EL TRÉBOL EIRL;57090084;;13,395.32;161,890.80
09/09/2026;DEPÓSITO EN EFECTIVO;62265651;;12,515.42;174,406.22
09/09/2026;TRANSF. A PAPELERA LOS ANDES SAC;62561166;5,088.54;;169,317.68
09/09/2026;TRANSF. A PAPELERA LOS ANDES SAC;78934594;20,959.17;;148,358.51
09/09/2026;TRANSF. DE IMPORTACIONES PACÍFICO SAC;91540404;;2,108.87;150,467.38
10/09/2026;TRANSF. A TRANSPORTES RÍMAC SAC;04996960;1,724.80;;148,742.58
10/09/2026;TRANSF. A MANTENIMIENTO INTEGRAL PERÚ SAC;29298954;14,606.32;;134,136.26
10/09/2026;TRANSF. DE INVERSIONES HUARAL SAC;36109392;;380.53;134,516.79
10/09/2026;ITF;44951322;1.10;;134,515.69
10/09/2026;TRANSF. A SUMINISTROS INDUSTRIALES LIMA EIRL;72633979;7,246.63;;127,269.06
10/09/2026;TRANSF. A SEGURIDAD VIGILANCIA TOTAL SAC;93321670;8,364.12;;118,904.94
11/09/2026;TRANSF. DE COMERCIAL SANTA ROSA SAC;19548259;;17,913.20;136,818.14
11/09/2026;DEPÓSITO EN EFECTIVO;33568149;;1,062.38;137,880.52
11/09/2026;TRANSF. A TECNOLOGÍA Y REDES CALLAO EIRL;46111589;8,783.20;;129,097.32
11/09/2026;TRANSF. DE INVERSIONES HUARAL SAC;48329025;;4,651.85;133,749.17
11/09/2026;TRANSF. DE DISTRIBUIDORA EL TRÉBOL EIRL;61581409;;15,015.76;148,764.93
11/09/2026;TRANSF. DE DISTRIBUIDORA EL TRÉBOL EIRL;65037186;;2,818.73;151,583.66
11/09/2026;TRANSF. DE COMERCIAL SANTA ROSA SAC;73482912;;6,646.89;158,230.55
11/09/2026;TRANSF. A PAPELERA LOS ANDES SAC;91643123;7,696.24;;150,534.31
12/09/2026;TRANSF. DE IMPORTACIONES PACÍFICO SAC;53459166;;386.61;150,920.92
12/09/2026;TRANSF. A TRANSPORTES RÍMAC SAC;63670338;22,751.06;;128,169.86
12/09/2026;TRANSF. DE INVERSIONES HUARAL SAC;73380123;;18,315.56;146,485.42
12/09/2026;DEPÓSITO EN EFECTIVO;75430704;;17,225.86;163,711.28
12/09/2026;TRANSF. A TECNOLOGÍA Y REDES CALLAO EIRL;91742385;20,409.72;;143,301.56
14/09/2026;TRANSF. A SUMINISTROS INDUSTRIALES LIMA EIRL;35408799;23,968.20;;119,333.36
14/09/2026;TRANSF. DE COMERCIAL SANTA ROSA SAC;42799687;;14,702.31;134,035.67
14/09/2026;TRANSF. DE TEXTILES CARABAYLLO SAC;67950690;;14,105.16;148,140.83
14/09/2026;TRANSF. DE IMPORTACIONES PACÍFICO SAC;75698815;;23,166.89;171,307.72
15/09/2026;DEPÓSITO EN EFECTIVO;35382871;;3,762.25;175,069.97
15/09/2026;TRANSF. A PAPELERA LOS ANDES SAC;48746691;17,670.30;;157,399.67
15/09/2026;TRANSF. A TRANSPORTES RÍMAC SAC;57193390;24,480.94;;132,918.73
15/09/2026;TRANSF. A SEGURIDAD VIGILANCIA TOTAL SAC;75749525;1,979.07;;130,939.66
15/09/2026;DEPÓSITO EN EFECTIVO;76721298;;15,522.36;146,462.02
16/09/2026;TRANSF. A MANTENIMIENTO INTEGRAL PERÚ SAC;08629549;16,266.42;;130,195.60
16/09/2026;TRANSF. A PAPELERA LOS ANDES SAC;48309773;23,049.52;;107,146.08
16/09/2026;TRANSF. A TRANSPORTES RÍMAC SAC;58281295;14,012.27;;93,133.81
16/09/2026;TRANSF. DE AGROINDUSTRIAS DEL NORTE SAC;59670906;;3,134.62;96,268.43
16/09/2026;TRANSF. A PAPELERA LOS ANDES SAC;72582637;1,197.68;;95,070.75
17/09/2026;COMISIÓN TRANSF. INTERBANCARIA;09546277;8.39;;95,062.36
17/09/2026;TRANSF. A TRANSPORTES RÍMAC SAC;26400239;9,493.75;;85,568.61
17/09/2026;DEPÓSITO EN EFECTIVO;47518531;;14,984.27;100,552.88
17/09/2026;TRANSF. DE DISTRIBUIDORA EL TRÉBOL EIRL;48876296;;22,217.43;122,770.31
18/09/2026;TRANSF. DE AGROINDUSTRIAS DEL NORTE SAC;05101456;;16,307.80;139,078.11
18/09/2026;TRANSF. DE DISTRIBUIDORA EL TRÉBOL EIRL;19427424;;4,223.86;143,301.97
18/09/2026;TRANSF. A SUMINISTROS INDUSTRIALES LIMA EIRL;81417645;12,122.90;;131,179.07
18/09/2026;DEPÓSITO EN EFECTIVO;93006223;;9,012.77;140,191.84
18/09/2026;TRANSF. DE SERVICIOS GENERALES ANCÓN EIRL;96161940;;8,329.87;148,521.71
19/09/2026;TRANSF. A SEGURIDAD VIGILANCIA TOTAL SAC;06474011;23,278.62;;125,243.09
19/09/2026;DEPÓSITO EN EFECTIVO;17611550;;23,963.19;149,206.28
19/09/2026;TRANSF. A SUMINISTROS INDUSTRIALES LIMA EIRL;66033634;17,290.45;;131,915.83
19/09/2026;TRANSF. A PAPELERA LOS ANDES SAC;98109198;5,478.71;;126,437.12
21/09/2026;TRANSF. A SUMINISTROS INDUSTRIALES LIMA EIRL;14275967;23,148.79;;103,288.33
21/09/2026;TRANSF. DE SERVICIOS GENERALES ANCÓN EIRL;44351640;;1,641.78;104,930.11
21/09/2026;TRANSF. A SEGURIDAD VIGILANCIA TOTAL SAC;49584636;2,112.85;;102,817.26
21/09/2026;DEPÓSITO EN EFECTIVO;52613627;;13,387.67;116,204.93
21/09/2026;TRANSF. A TECNOLOGÍA Y REDES CALLAO EIRL;89607543;19,144.58;;97,060.35
21/09/2026;TRANSF. A MANTENIMIENTO INTEGRAL PERÚ SAC;95860488;15,436.35;;81,624.00
22/09/2026;TRANSF. DE FERRETERÍA SAN MARTÍN EIRL;02747414;;3,359.12;84,983.12
22/09/2026;TRANSF. DE INVERSIONES HUARAL SAC;08110255;;19,013.95;103,997.07
22/09/2026;TRANSF. A TECNOLOGÍA Y REDES CALLAO EIRL;20655901;10,435.84;;93,561.23
22/09/2026;TRANSF. DE DISTRIBUIDORA EL TRÉBOL EIRL;22921388;;17,682.07;111,243.30
22/09/2026;TRANSF. A PAPELERA LOS ANDES SAC;33766169;9,817.83;;101,425.47
22/09/2026;TRANSF. DE IMPORTACIONES PACÍFICO SAC;41289034;;13,771.49;115,196.96
22/09/2026;TRANSF. DE INVERSIONES HUARAL SAC;66378422;;5,435.93;120,632.89
22/09/2026;TRANSF. A SUMINISTROS INDUSTRIALES LIMA EIRL;77924088;7,908.01;;112,724.88
22/09/2026;TRANSF. A TRANSPORTES RÍMAC SAC;85283083;9,027.68;;103,697.20
23/09/2026;ITF;63187140;0.44;;103,696.76
23/09/2026;TRANSF. A SEGURIDAD VIGILANCIA TOTAL SAC;65576576;3,547.27;;100,149.49
23/09/2026;TRANSF. DE AGROINDUSTRIAS DEL NORTE SAC;93746912;;20,364.38;120,513.87
23/09/2026;TRANSF. A TRANSPORTES RÍMAC SAC;96155640;14,498.97;;106,014.90
24/09/2026;COMISIÓN TRANSF. INTERBANCARIA;02447520;9.37;;106,005.53
24/09/2026;DEPÓSITO EN EFECTIVO;55205206;;3,787.01;109,792.54
24/09/2026;TRANSF. DE IMPORTACIONES PACÍFICO SAC;84532675;;384.80;110,177.34
25/09/2026;TRANSF. A SEGURIDAD VIGILANCIA TOTAL SAC;17313932;20,480.59;;89,696.75
25/09/2026;TRANSF. DE AGROINDUSTRIAS DEL NORTE SAC;29510600;;15,961.31;105,658.06
25/09/2026;TRANSF. A TECNOLOGÍA Y REDES CALLAO EIRL;72124991;4,396.50;;101,261.56
25/09/2026;TRANSF. A MANTENIMIENTO INTEGRAL PERÚ SAC;80552815;21,904.52;;79,357.04
26/09/2026;TRANSF. DE AGROINDUSTRIAS DEL NORTE SAC;13203533;;11,045.51;90,402.55
26/09/2026;TRANSF. A TRANSPORTES RÍMAC SAC;19821727;5,822.16;;84,580.39
26/09/2026;TRANSF. A MANTENIMIENTO INTEGRAL PERÚ SAC;63879958;21,305.58;;63,274.81
26/09/2026;TRANSF. A MANTENIMIENTO INTEGRAL PERÚ SAC;78655506;7,754.21;;55,520.60
26/09/2026;TRANSF. DE INVERSIONES HUARAL SAC;79170107;;9,633.45;65,154.05
29/09/2026;ITF;98306272;1.45;;65,152.60
30/09/2026;COMISIÓN MANTENIMIENTO DE CUENTA;16062469;25.00;;65,127.60
30/09/2026;ABONO DE INTERESES;62903586;;5.07;65,132.67
